{"cameraMode":{"drawMode":0,"name":"Shaded","section":"Shading Mode"},"sceneLighting":false,"audioPlay":false,"sceneViewState":{"showFog":true,"showMaterialUpdate":true,"showSkybox":false,"showFlares":true,"showImageEffects":true,"showParticleSystems":true},"in2DMode":false,"pivot":{"x":0.06500065326690674,"y":2.0111849308013918,"z":-0.06829431653022766},"rotation":{"x":0.01366481650620699,"y":-0.9817695617675781,"z":0.0770302265882492,"w":0.17350322008132935},"size":2.0812418460845949,"orthographic":false}