{"cameraMode":{"drawMode":0,"name":"Shaded","section":"Shading Mode"},"sceneLighting":true,"audioPlay":false,"sceneViewState":{"showFog":true,"showMaterialUpdate":true,"showSkybox":true,"showFlares":true,"showImageEffects":true,"showParticleSystems":true},"in2DMode":false,"pivot":{"x":0.8637838363647461,"y":1.0550713539123536,"z":2.4445900917053224},"rotation":{"x":0.12009692192077637,"y":0.8402231931686401,"z":-0.20887869596481324,"w":0.4859975278377533},"size":6.941691875457764,"orthographic":false}