{"cameraMode":{"drawMode":0,"name":"Shaded","section":"Shading Mode"},"sceneLighting":false,"audioPlay":false,"sceneViewState":{"showFog":true,"showMaterialUpdate":true,"showSkybox":false,"showFlares":true,"showImageEffects":true,"showParticleSystems":true},"in2DMode":false,"pivot":{"x":-6.229133605957031,"y":2.3097386360168459,"z":-0.43996089696884158},"rotation":{"x":-0.18169161677360536,"y":0.7992970943450928,"z":-0.2962108254432678,"w":-0.4902772605419159},"size":4.7594685554504398,"orthographic":true}