{"cameraMode":{"drawMode":0,"name":"Shaded","section":"Shading Mode"},"sceneLighting":false,"audioPlay":false,"sceneViewState":{"showFog":true,"showMaterialUpdate":true,"showSkybox":false,"showFlares":true,"showImageEffects":true,"showParticleSystems":true},"in2DMode":false,"pivot":{"x":1.6590937376022339,"y":1.964205026626587,"z":2.991318702697754},"rotation":{"x":0.10570871084928513,"y":0.3845645785331726,"z":-0.04437817260622978,"w":0.9159584045410156},"size":8.106879234313965,"orthographic":true}