{"cameraMode":{"drawMode":2,"name":"Shaded Wireframe","section":"Shading Mode"},"sceneLighting":false,"audioPlay":false,"sceneViewState":{"showFog":true,"showMaterialUpdate":true,"showSkybox":false,"showFlares":true,"showImageEffects":true,"showParticleSystems":true},"in2DMode":false,"pivot":{"x":0.04849982261657715,"y":1.632383108139038,"z":0.019368842244148256},"rotation":{"x":-0.2520124316215515,"y":-0.09071066230535507,"z":0.02377106063067913,"w":-0.9632356762886047},"size":2.3363332748413088,"orthographic":false}