{"cameraMode":{"drawMode":0,"name":"Shaded","section":"Shading Mode"},"sceneLighting":true,"audioPlay":false,"sceneViewState":{"showFog":true,"showMaterialUpdate":true,"showSkybox":true,"showFlares":true,"showImageEffects":true,"showParticleSystems":true},"in2DMode":false,"pivot":{"x":5.397700786590576,"y":1.2309573888778687,"z":1.1173663139343262},"rotation":{"x":0.03918830305337906,"y":0.7655791640281677,"z":0.046956270933151248,"w":-0.6406270265579224},"size":0.9397403597831726,"orthographic":false}