{"cameraMode":{"drawMode":0,"name":"Shaded","section":"Shading Mode"},"sceneLighting":true,"audioPlay":false,"sceneViewState":{"showFog":true,"showMaterialUpdate":true,"showSkybox":true,"showFlares":true,"showImageEffects":true,"showParticleSystems":true},"in2DMode":false,"pivot":{"x":-9.986479759216309,"y":-1.4104325771331788,"z":-1.4772835969924927},"rotation":{"x":-0.2732202708721161,"y":0.684974193572998,"z":-0.31225499510765078,"w":-0.5990191698074341},"size":2.4750566482543947,"orthographic":false}